region,year,sex,age_gr,population
belgium,2004,Both,0 to 9,2322892
belgium,2004,Both,10 to 19,2494020
belgium,2004,Both,100 and over,2326
belgium,2004,Both,20 to 29,2594090
belgium,2004,Both,30 to 39,3042070
belgium,2004,Both,40 to 49,3135994
belgium,2004,Both,50 to 59,2667194
belgium,2004,Both,60 to 69,1964276
belgium,2004,Both,70 to 79,1715032
belgium,2004,Both,80 to 89,731556
belgium,2004,Both,90 to 99,123392
belgium,2004,Both,Overall,20792842
belgium,2004,Female,0 to 9,1135862
belgium,2004,Female,10 to 19,1219910
belgium,2004,Female,100 and over,2074
belgium,2004,Female,20 to 29,1285656
belgium,2004,Female,30 to 39,1500834
belgium,2004,Female,40 to 49,1555554
belgium,2004,Female,50 to 59,1331380
belgium,2004,Female,60 to 69,1023782
belgium,2004,Female,70 to 79,982322
belgium,2004,Female,80 to 89,483998
belgium,2004,Female,90 to 99,97118
belgium,2004,Female,Overall,10618490
belgium,2004,Male,0 to 9,1187030
belgium,2004,Male,10 to 19,1274110
belgium,2004,Male,100 and over,252
belgium,2004,Male,20 to 29,1308434
belgium,2004,Male,30 to 39,1541236
belgium,2004,Male,40 to 49,1580440
belgium,2004,Male,50 to 59,1335814
belgium,2004,Male,60 to 69,940494
belgium,2004,Male,70 to 79,732710
belgium,2004,Male,80 to 89,247558
belgium,2004,Male,90 to 99,26274
belgium,2004,Male,Overall,10174352
belgium,2005,Both,0 to 9,2327946
belgium,2005,Both,10 to 19,2500136
belgium,2005,Both,100 and over,2494
belgium,2005,Both,20 to 29,2595054
belgium,2005,Both,30 to 39,2986432
belgium,2005,Both,40 to 49,3174908
belgium,2005,Both,50 to 59,2719956
belgium,2005,Both,60 to 69,1976254
belgium,2005,Both,70 to 79,1715714
belgium,2005,Both,80 to 89,765210
belgium,2005,Both,90 to 99,127600
belgium,2005,Both,Overall,20891704
belgium,2005,Female,0 to 9,1138466
belgium,2005,Female,10 to 19,1222240
belgium,2005,Female,100 and over,2208
belgium,2005,Female,20 to 29,1288746
belgium,2005,Female,30 to 39,1474644
belgium,2005,Female,40 to 49,1574666
belgium,2005,Female,50 to 59,1358336
belgium,2005,Female,60 to 69,1027546
belgium,2005,Female,70 to 79,979206
belgium,2005,Female,80 to 89,503044
belgium,2005,Female,90 to 99,99952
belgium,2005,Female,Overall,10669054
belgium,2005,Male,0 to 9,1189480
belgium,2005,Male,10 to 19,1277896
belgium,2005,Male,100 and over,286
belgium,2005,Male,20 to 29,1306308
belgium,2005,Male,30 to 39,1511788
belgium,2005,Male,40 to 49,1600242
belgium,2005,Male,50 to 59,1361620
belgium,2005,Male,60 to 69,948708
belgium,2005,Male,70 to 79,736508
belgium,2005,Male,80 to 89,262166
belgium,2005,Male,90 to 99,27648
belgium,2005,Male,Overall,10222650
belgium,2006,Both,0 to 9,2344742
belgium,2006,Both,10 to 19,2512670
belgium,2006,Both,100 and over,2596
belgium,2006,Both,20 to 29,2609866
belgium,2006,Both,30 to 39,2940430
belgium,2006,Both,40 to 49,3202162
belgium,2006,Both,50 to 59,2778188
belgium,2006,Both,60 to 69,1992324
belgium,2006,Both,70 to 79,1710678
belgium,2006,Both,80 to 89,803428
belgium,2006,Both,90 to 99,125680
belgium,2006,Both,Overall,21022764
belgium,2006,Female,0 to 9,1146468
belgium,2006,Female,10 to 19,1228442
belgium,2006,Female,100 and over,2296
belgium,2006,Female,20 to 29,1298910
belgium,2006,Female,30 to 39,1453648
belgium,2006,Female,40 to 49,1586678
belgium,2006,Female,50 to 59,1388216
belgium,2006,Female,60 to 69,1033898
belgium,2006,Female,70 to 79,972784
belgium,2006,Female,80 to 89,525628
belgium,2006,Female,90 to 99,98154
belgium,2006,Female,Overall,10735122
belgium,2006,Male,0 to 9,1198274
belgium,2006,Male,10 to 19,1284228
belgium,2006,Male,100 and over,300
belgium,2006,Male,20 to 29,1310956
belgium,2006,Male,30 to 39,1486782
belgium,2006,Male,40 to 49,1615484
belgium,2006,Male,50 to 59,1389972
belgium,2006,Male,60 to 69,958426
belgium,2006,Male,70 to 79,737894
belgium,2006,Male,80 to 89,277800
belgium,2006,Male,90 to 99,27526
belgium,2006,Male,Overall,10287642
belgium,2007,Both,0 to 9,2364032
belgium,2007,Both,10 to 19,2518226
belgium,2007,Both,100 and over,2676
belgium,2007,Both,20 to 29,2630990
belgium,2007,Both,30 to 39,2908756
belgium,2007,Both,40 to 49,3219852
belgium,2007,Both,50 to 59,2801314
belgium,2007,Both,60 to 69,2049312
belgium,2007,Both,70 to 79,1709308
belgium,2007,Both,80 to 89,844064
belgium,2007,Both,90 to 99,120538
belgium,2007,Both,Overall,21169068
belgium,2007,Female,0 to 9,1156032
belgium,2007,Female,10 to 19,1232250
belgium,2007,Female,100 and over,2374
belgium,2007,Female,20 to 29,1310690
belgium,2007,Female,30 to 39,1438132
belgium,2007,Female,40 to 49,1593820
belgium,2007,Female,50 to 59,1400798
belgium,2007,Female,60 to 69,1059960
belgium,2007,Female,70 to 79,967612
belgium,2007,Female,80 to 89,550662
belgium,2007,Female,90 to 99,93922
belgium,2007,Female,Overall,10806252
belgium,2007,Male,0 to 9,1208000
belgium,2007,Male,10 to 19,1285976
belgium,2007,Male,100 and over,302
belgium,2007,Male,20 to 29,1320300
belgium,2007,Male,30 to 39,1470624
belgium,2007,Male,40 to 49,1626032
belgium,2007,Male,50 to 59,1400516
belgium,2007,Male,60 to 69,989352
belgium,2007,Male,70 to 79,741696
belgium,2007,Male,80 to 89,293402
belgium,2007,Male,90 to 99,26616
belgium,2007,Male,Overall,10362816
belgium,2008,Both,0 to 9,2381672
belgium,2008,Both,10 to 19,2523868
belgium,2008,Both,100 and over,2762
belgium,2008,Both,20 to 29,2653416
belgium,2008,Both,30 to 39,2897022
belgium,2008,Both,40 to 49,3227562
belgium,2008,Both,50 to 59,2832506
belgium,2008,Both,60 to 69,2101674
belgium,2008,Both,70 to 79,1713586
belgium,2008,Both,80 to 89,884952
belgium,2008,Both,90 to 99,114712
belgium,2008,Both,Overall,21333732
belgium,2008,Female,0 to 9,1164538
belgium,2008,Female,10 to 19,1235090
belgium,2008,Female,100 and over,2474
belgium,2008,Female,20 to 29,1322698
belgium,2008,Female,30 to 39,1433796
belgium,2008,Female,40 to 49,1595866
belgium,2008,Female,50 to 59,1416062
belgium,2008,Female,60 to 69,1084836
belgium,2008,Female,70 to 79,965266
belgium,2008,Female,80 to 89,575232
belgium,2008,Female,90 to 99,89256
belgium,2008,Female,Overall,10885114
belgium,2008,Male,0 to 9,1217134
belgium,2008,Male,10 to 19,1288778
belgium,2008,Male,100 and over,288
belgium,2008,Male,20 to 29,1330718
belgium,2008,Male,30 to 39,1463226
belgium,2008,Male,40 to 49,1631696
belgium,2008,Male,50 to 59,1416444
belgium,2008,Male,60 to 69,1016838
belgium,2008,Male,70 to 79,748320
belgium,2008,Male,80 to 89,309720
belgium,2008,Male,90 to 99,25456
belgium,2008,Male,Overall,10448618
belgium,2009,Both,0 to 9,2417076
belgium,2009,Both,10 to 19,2520768
belgium,2009,Both,100 and over,2958
belgium,2009,Both,20 to 29,2683452
belgium,2009,Both,30 to 39,2891768
belgium,2009,Both,40 to 49,3224750
belgium,2009,Both,50 to 59,2867136
belgium,2009,Both,60 to 69,2148184
belgium,2009,Both,70 to 79,1719608
belgium,2009,Both,80 to 89,921252
belgium,2009,Both,90 to 99,109208
belgium,2009,Both,Overall,21506160
belgium,2009,Female,0 to 9,1181532
belgium,2009,Female,10 to 19,1233668
belgium,2009,Female,100 and over,2616
belgium,2009,Female,20 to 29,1338718
belgium,2009,Female,30 to 39,1432062
belgium,2009,Female,40 to 49,1593962
belgium,2009,Female,50 to 59,1433218
belgium,2009,Female,60 to 69,1106466
belgium,2009,Female,70 to 79,964442
belgium,2009,Female,80 to 89,597370
belgium,2009,Female,90 to 99,84804
belgium,2009,Female,Overall,10968858
belgium,2009,Male,0 to 9,1235544
belgium,2009,Male,10 to 19,1287100
belgium,2009,Male,100 and over,342
belgium,2009,Male,20 to 29,1344734
belgium,2009,Male,30 to 39,1459706
belgium,2009,Male,40 to 49,1630788
belgium,2009,Male,50 to 59,1433918
belgium,2009,Male,60 to 69,1041718
belgium,2009,Male,70 to 79,755166
belgium,2009,Male,80 to 89,323882
belgium,2009,Male,90 to 99,24404
belgium,2009,Male,Overall,10537302
belgium,2010,Both,0 to 9,2450480
belgium,2010,Both,10 to 19,2515252
belgium,2010,Both,100 and over,3118
belgium,2010,Both,20 to 29,2704854
belgium,2010,Both,30 to 39,2891564
belgium,2010,Both,40 to 49,3219642
belgium,2010,Both,50 to 59,2913956
belgium,2010,Both,60 to 69,2196034
belgium,2010,Both,70 to 79,1721732
belgium,2010,Both,80 to 89,947682
belgium,2010,Both,90 to 99,115496
belgium,2010,Both,Overall,21679810
belgium,2010,Female,0 to 9,1197228
belgium,2010,Female,10 to 19,1231236
belgium,2010,Female,100 and over,2746
belgium,2010,Female,20 to 29,1351248
belgium,2010,Female,30 to 39,1433144
belgium,2010,Female,40 to 49,1590344
belgium,2010,Female,50 to 59,1458668
belgium,2010,Female,60 to 69,1127796
belgium,2010,Female,70 to 79,961982
belgium,2010,Female,80 to 89,612332
belgium,2010,Female,90 to 99,88644
belgium,2010,Female,Overall,11055368
belgium,2010,Male,0 to 9,1253252
belgium,2010,Male,10 to 19,1284016
belgium,2010,Male,100 and over,372
belgium,2010,Male,20 to 29,1353606
belgium,2010,Male,30 to 39,1458420
belgium,2010,Male,40 to 49,1629298
belgium,2010,Male,50 to 59,1455288
belgium,2010,Male,60 to 69,1068238
belgium,2010,Male,70 to 79,759750
belgium,2010,Male,80 to 89,335350
belgium,2010,Male,90 to 99,26852
belgium,2010,Male,Overall,10624442
belgium,2011,Both,0 to 9,2490038
belgium,2011,Both,10 to 19,2512544
belgium,2011,Both,100 and over,3260
belgium,2011,Both,20 to 29,2741200
belgium,2011,Both,30 to 39,2903384
belgium,2011,Both,40 to 49,3225612
belgium,2011,Both,50 to 59,2963124
belgium,2011,Both,60 to 69,2261090
belgium,2011,Both,70 to 79,1699580
belgium,2011,Both,80 to 89,970504
belgium,2011,Both,90 to 99,132196
belgium,2011,Both,Overall,21902532
belgium,2011,Female,0 to 9,1216630
belgium,2011,Female,10 to 19,1230182
belgium,2011,Female,100 and over,2864
belgium,2011,Female,20 to 29,1368760
belgium,2011,Female,30 to 39,1439444
belgium,2011,Female,40 to 49,1591968
belgium,2011,Female,50 to 59,1482832
belgium,2011,Female,60 to 69,1159800
belgium,2011,Female,70 to 79,945876
belgium,2011,Female,80 to 89,623416
belgium,2011,Female,90 to 99,100292
belgium,2011,Female,Overall,11162064
belgium,2011,Male,0 to 9,1273408
belgium,2011,Male,10 to 19,1282362
belgium,2011,Male,100 and over,396
belgium,2011,Male,20 to 29,1372440
belgium,2011,Male,30 to 39,1463940
belgium,2011,Male,40 to 49,1633644
belgium,2011,Male,50 to 59,1480292
belgium,2011,Male,60 to 69,1101290
belgium,2011,Male,70 to 79,753704
belgium,2011,Male,80 to 89,347088
belgium,2011,Male,90 to 99,31904
belgium,2011,Male,Overall,10740468
belgium,2012,Both,0 to 9,2522188
belgium,2012,Both,10 to 19,2500162
belgium,2012,Both,100 and over,3584
belgium,2012,Both,20 to 29,2767776
belgium,2012,Both,30 to 39,2904404
belgium,2012,Both,40 to 49,3218662
belgium,2012,Both,50 to 59,3012956
belgium,2012,Both,60 to 69,2340828
belgium,2012,Both,70 to 79,1659894
belgium,2012,Both,80 to 89,992730
belgium,2012,Both,90 to 99,148712
belgium,2012,Both,Overall,22071896
belgium,2012,Female,0 to 9,1231728
belgium,2012,Female,10 to 19,1224494
belgium,2012,Female,100 and over,3154
belgium,2012,Female,20 to 29,1382680
belgium,2012,Female,30 to 39,1440710
belgium,2012,Female,40 to 49,1587612
belgium,2012,Female,50 to 59,1508178
belgium,2012,Female,60 to 69,1200196
belgium,2012,Female,70 to 79,920800
belgium,2012,Female,80 to 89,633246
belgium,2012,Female,90 to 99,111496
belgium,2012,Female,Overall,11244294
belgium,2012,Male,0 to 9,1290460
belgium,2012,Male,10 to 19,1275668
belgium,2012,Male,100 and over,430
belgium,2012,Male,20 to 29,1385096
belgium,2012,Male,30 to 39,1463694
belgium,2012,Male,40 to 49,1631050
belgium,2012,Male,50 to 59,1504778
belgium,2012,Male,60 to 69,1140632
belgium,2012,Male,70 to 79,739094
belgium,2012,Male,80 to 89,359484
belgium,2012,Male,90 to 99,37216
belgium,2012,Male,Overall,10827602
belgium,2013,Both,0 to 9,2550342
belgium,2013,Both,10 to 19,2482172
belgium,2013,Both,100 and over,3664
belgium,2013,Both,20 to 29,2790148
belgium,2013,Both,30 to 39,2903130
belgium,2013,Both,40 to 49,3201328
belgium,2013,Both,50 to 59,3050440
belgium,2013,Both,60 to 69,2413644
belgium,2013,Both,70 to 79,1633790
belgium,2013,Both,80 to 89,1009490
belgium,2013,Both,90 to 99,160960
belgium,2013,Both,Overall,22199108
belgium,2013,Female,0 to 9,1246000
belgium,2013,Female,10 to 19,1214916
belgium,2013,Female,100 and over,3230
belgium,2013,Female,20 to 29,1393418
belgium,2013,Female,30 to 39,1441426
belgium,2013,Female,40 to 49,1579496
belgium,2013,Female,50 to 59,1526210
belgium,2013,Female,60 to 69,1236798
belgium,2013,Female,70 to 79,902316
belgium,2013,Female,80 to 89,640432
belgium,2013,Female,90 to 99,119890
belgium,2013,Female,Overall,11304132
belgium,2013,Male,0 to 9,1304342
belgium,2013,Male,10 to 19,1267256
belgium,2013,Male,100 and over,434
belgium,2013,Male,20 to 29,1396730
belgium,2013,Male,30 to 39,1461704
belgium,2013,Male,40 to 49,1621832
belgium,2013,Male,50 to 59,1524230
belgium,2013,Male,60 to 69,1176846
belgium,2013,Male,70 to 79,731474
belgium,2013,Male,80 to 89,369058
belgium,2013,Male,90 to 99,41070
belgium,2013,Male,Overall,10894976
belgium,2014,Both,0 to 9,2569806
belgium,2014,Both,10 to 19,2473694
belgium,2014,Both,100 and over,3780
belgium,2014,Both,20 to 29,2803442
belgium,2014,Both,30 to 39,2900482
belgium,2014,Both,40 to 49,3164248
belgium,2014,Both,50 to 59,3092388
belgium,2014,Both,60 to 69,2465286
belgium,2014,Both,70 to 79,1635908
belgium,2014,Both,80 to 89,1018816
belgium,2014,Both,90 to 99,173182
belgium,2014,Both,Overall,22301032
belgium,2014,Female,0 to 9,1255170
belgium,2014,Female,10 to 19,1210286
belgium,2014,Female,100 and over,3302
belgium,2014,Female,20 to 29,1400286
belgium,2014,Female,30 to 39,1442594
belgium,2014,Female,40 to 49,1561284
belgium,2014,Female,50 to 59,1546276
belgium,2014,Female,60 to 69,1262288
belgium,2014,Female,70 to 79,900304
belgium,2014,Female,80 to 89,642182
belgium,2014,Female,90 to 99,128442
belgium,2014,Female,Overall,11352414
belgium,2014,Male,0 to 9,1314636
belgium,2014,Male,10 to 19,1263408
belgium,2014,Male,100 and over,478
belgium,2014,Male,20 to 29,1403156
belgium,2014,Male,30 to 39,1457888
belgium,2014,Male,40 to 49,1602964
belgium,2014,Male,50 to 59,1546112
belgium,2014,Male,60 to 69,1202998
belgium,2014,Male,70 to 79,735604
belgium,2014,Male,80 to 89,376634
belgium,2014,Male,90 to 99,44740
belgium,2014,Male,Overall,10948618
belgium,2015,Both,0 to 9,2582056
belgium,2015,Both,10 to 19,2479944
belgium,2015,Both,100 and over,4002
belgium,2015,Both,20 to 29,2809848
belgium,2015,Both,30 to 39,2907468
belgium,2015,Both,40 to 49,3116616
belgium,2015,Both,50 to 59,3135128
belgium,2015,Both,60 to 69,2514344
belgium,2015,Both,70 to 79,1649968
belgium,2015,Both,80 to 89,1032440
belgium,2015,Both,90 to 99,186274
belgium,2015,Both,Overall,22418088
belgium,2015,Female,0 to 9,1260874
belgium,2015,Female,10 to 19,1213770
belgium,2015,Female,100 and over,3476
belgium,2015,Female,20 to 29,1401458
belgium,2015,Female,30 to 39,1448850
belgium,2015,Female,40 to 49,1538024
belgium,2015,Female,50 to 59,1566278
belgium,2015,Female,60 to 69,1287146
belgium,2015,Female,70 to 79,904170
belgium,2015,Female,80 to 89,646538
belgium,2015,Female,90 to 99,137316
belgium,2015,Female,Overall,11407900
belgium,2015,Male,0 to 9,1321182
belgium,2015,Male,10 to 19,1266174
belgium,2015,Male,100 and over,526
belgium,2015,Male,20 to 29,1408390
belgium,2015,Male,30 to 39,1458618
belgium,2015,Male,40 to 49,1578592
belgium,2015,Male,50 to 59,1568850
belgium,2015,Male,60 to 69,1227198
belgium,2015,Male,70 to 79,745798
belgium,2015,Male,80 to 89,385902
belgium,2015,Male,90 to 99,48958
belgium,2015,Male,Overall,11010188
belgium,2016,Both,0 to 9,2588502
belgium,2016,Both,10 to 19,2494392
belgium,2016,Both,100 and over,3720
belgium,2016,Both,20 to 29,2820552
belgium,2016,Both,30 to 39,2923002
belgium,2016,Both,40 to 49,3074586
belgium,2016,Both,50 to 59,3163112
belgium,2016,Both,60 to 69,2568786
belgium,2016,Both,70 to 79,1665702
belgium,2016,Both,80 to 89,1037680
belgium,2016,Both,90 to 99,195786
belgium,2016,Both,Overall,22535820
belgium,2016,Female,0 to 9,1264582
belgium,2016,Female,10 to 19,1220336
belgium,2016,Female,100 and over,3176
belgium,2016,Female,20 to 29,1405052
belgium,2016,Female,30 to 39,1458506
belgium,2016,Female,40 to 49,1517822
belgium,2016,Female,50 to 59,1577512
belgium,2016,Female,60 to 69,1314432
belgium,2016,Female,70 to 79,909996
belgium,2016,Female,80 to 89,645966
belgium,2016,Female,90 to 99,143376
belgium,2016,Female,Overall,11460756
belgium,2016,Male,0 to 9,1323920
belgium,2016,Male,10 to 19,1274056
belgium,2016,Male,100 and over,544
belgium,2016,Male,20 to 29,1415500
belgium,2016,Male,30 to 39,1464496
belgium,2016,Male,40 to 49,1556764
belgium,2016,Male,50 to 59,1585600
belgium,2016,Male,60 to 69,1254354
belgium,2016,Male,70 to 79,755706
belgium,2016,Male,80 to 89,391714
belgium,2016,Male,90 to 99,52410
belgium,2016,Male,Overall,11075064
belgium,2017,Both,0 to 9,2585570
belgium,2017,Both,10 to 19,2513202
belgium,2017,Both,100 and over,3516
belgium,2017,Both,20 to 29,2822738
belgium,2017,Both,30 to 39,2936928
belgium,2017,Both,40 to 49,3042142
belgium,2017,Both,50 to 59,3180628
belgium,2017,Both,60 to 69,2590638
belgium,2017,Both,70 to 79,1716582
belgium,2017,Both,80 to 89,1046588
belgium,2017,Both,90 to 99,205644
belgium,2017,Both,Overall,22644176
belgium,2017,Female,0 to 9,1262514
belgium,2017,Female,10 to 19,1228520
belgium,2017,Female,100 and over,3004
belgium,2017,Female,20 to 29,1403568
belgium,2017,Female,30 to 39,1466552
belgium,2017,Female,40 to 49,1503208
belgium,2017,Female,50 to 59,1583834
belgium,2017,Female,60 to 69,1325830
belgium,2017,Female,70 to 79,933562
belgium,2017,Female,80 to 89,647460
belgium,2017,Female,90 to 99,150114
belgium,2017,Female,Overall,11508166
belgium,2017,Male,0 to 9,1323056
belgium,2017,Male,10 to 19,1284682
belgium,2017,Male,100 and over,512
belgium,2017,Male,20 to 29,1419170
belgium,2017,Male,30 to 39,1470376
belgium,2017,Male,40 to 49,1538934
belgium,2017,Male,50 to 59,1596794
belgium,2017,Male,60 to 69,1264808
belgium,2017,Male,70 to 79,783020
belgium,2017,Male,80 to 89,399128
belgium,2017,Male,90 to 99,55530
belgium,2017,Male,Overall,11136010
belgium,2018,Both,0 to 9,2575644
belgium,2018,Both,10 to 19,2535112
belgium,2018,Both,100 and over,3212
belgium,2018,Both,20 to 29,2825790
belgium,2018,Both,30 to 39,2950078
belgium,2018,Both,40 to 49,3023320
belgium,2018,Both,50 to 59,3186714
belgium,2018,Both,60 to 69,2619302
belgium,2018,Both,70 to 79,1762564
belgium,2018,Both,80 to 89,1056778
belgium,2018,Both,90 to 99,213626
belgium,2018,Both,Overall,22752140
belgium,2018,Female,0 to 9,1257434
belgium,2018,Female,10 to 19,1238262
belgium,2018,Female,100 and over,2816
belgium,2018,Female,20 to 29,1403268
belgium,2018,Female,30 to 39,1473784
belgium,2018,Female,40 to 49,1496368
belgium,2018,Female,50 to 59,1584730
belgium,2018,Female,60 to 69,1339470
belgium,2018,Female,70 to 79,955364
belgium,2018,Female,80 to 89,649484
belgium,2018,Female,90 to 99,155348
belgium,2018,Female,Overall,11556328
belgium,2018,Male,0 to 9,1318210
belgium,2018,Male,10 to 19,1296850
belgium,2018,Male,100 and over,396
belgium,2018,Male,20 to 29,1422522
belgium,2018,Male,30 to 39,1476294
belgium,2018,Male,40 to 49,1526952
belgium,2018,Male,50 to 59,1601984
belgium,2018,Male,60 to 69,1279832
belgium,2018,Male,70 to 79,807200
belgium,2018,Male,80 to 89,407294
belgium,2018,Male,90 to 99,58278
belgium,2018,Male,Overall,11195812
belgium,2019,Both,0 to 9,2556604
belgium,2019,Both,10 to 19,2567154
belgium,2019,Both,100 and over,2974
belgium,2019,Both,20 to 29,2820116
belgium,2019,Both,30 to 39,2967116
belgium,2019,Both,40 to 49,3013788
belgium,2019,Both,50 to 59,3186994
belgium,2019,Both,60 to 69,2651456
belgium,2019,Both,70 to 79,1805608
belgium,2019,Both,80 to 89,1069302
belgium,2019,Both,90 to 99,221700
belgium,2019,Both,Overall,22862812
belgium,2019,Female,0 to 9,1249042
belgium,2019,Female,10 to 19,1253138
belgium,2019,Female,100 and over,2554
belgium,2019,Female,20 to 29,1398894
belgium,2019,Female,30 to 39,1483294
belgium,2019,Female,40 to 49,1492276
belgium,2019,Female,50 to 59,1583504
belgium,2019,Female,60 to 69,1354588
belgium,2019,Female,70 to 79,975234
belgium,2019,Female,80 to 89,653512
belgium,2019,Female,90 to 99,160320
belgium,2019,Female,Overall,11606356
belgium,2019,Male,0 to 9,1307562
belgium,2019,Male,10 to 19,1314016
belgium,2019,Male,100 and over,420
belgium,2019,Male,20 to 29,1421222
belgium,2019,Male,30 to 39,1483822
belgium,2019,Male,40 to 49,1521512
belgium,2019,Male,50 to 59,1603490
belgium,2019,Male,60 to 69,1296868
belgium,2019,Male,70 to 79,830374
belgium,2019,Male,80 to 89,415790
belgium,2019,Male,90 to 99,61380
belgium,2019,Male,Overall,11256456
belgium,2020,Both,0 to 9,2538136
belgium,2020,Both,10 to 19,2600508
belgium,2020,Both,100 and over,3588
belgium,2020,Both,20 to 29,2815290
belgium,2020,Both,30 to 39,2984580
belgium,2020,Both,40 to 49,3009078
belgium,2020,Both,50 to 59,3181256
belgium,2020,Both,60 to 69,2694278
belgium,2020,Both,70 to 79,1848582
belgium,2020,Both,80 to 89,1078780
belgium,2020,Both,90 to 99,231206
belgium,2020,Both,Overall,22985282
belgium,2020,Female,0 to 9,1240874
belgium,2020,Female,10 to 19,1269130
belgium,2020,Female,100 and over,3044
belgium,2020,Female,20 to 29,1396260
belgium,2020,Female,30 to 39,1493738
belgium,2020,Female,40 to 49,1490912
belgium,2020,Female,50 to 59,1578568
belgium,2020,Female,60 to 69,1376290
belgium,2020,Female,70 to 79,994264
belgium,2020,Female,80 to 89,655782
belgium,2020,Female,90 to 99,166292
belgium,2020,Female,Overall,11665154
belgium,2020,Male,0 to 9,1297262
belgium,2020,Male,10 to 19,1331378
belgium,2020,Male,100 and over,544
belgium,2020,Male,20 to 29,1419030
belgium,2020,Male,30 to 39,1490842
belgium,2020,Male,40 to 49,1518166
belgium,2020,Male,50 to 59,1602688
belgium,2020,Male,60 to 69,1317988
belgium,2020,Male,70 to 79,854318
belgium,2020,Male,80 to 89,422998
belgium,2020,Male,90 to 99,64914
belgium,2020,Male,Overall,11320128
belgium,2021,Both,0 to 9,2503688
belgium,2021,Both,10 to 19,2628054
belgium,2021,Both,100 and over,4326
belgium,2021,Both,20 to 29,2800788
belgium,2021,Both,30 to 39,2998566
belgium,2021,Both,40 to 49,3004758
belgium,2021,Both,50 to 59,3179222
belgium,2021,Both,60 to 69,2734476
belgium,2021,Both,70 to 79,1897764
belgium,2021,Both,80 to 89,1057116
belgium,2021,Both,90 to 99,233718
belgium,2021,Both,Overall,23042476
belgium,2021,Female,0 to 9,1224052
belgium,2021,Female,10 to 19,1282828
belgium,2021,Female,100 and over,3616
belgium,2021,Female,20 to 29,1386598
belgium,2021,Female,30 to 39,1501030
belgium,2021,Female,40 to 49,1491280
belgium,2021,Female,50 to 59,1576058
belgium,2021,Female,60 to 69,1395534
belgium,2021,Female,70 to 79,1019266
belgium,2021,Female,80 to 89,640422
belgium,2021,Female,90 to 99,167370
belgium,2021,Female,Overall,11688054
belgium,2021,Male,0 to 9,1279636
belgium,2021,Male,10 to 19,1345226
belgium,2021,Male,100 and over,710
belgium,2021,Male,20 to 29,1414190
belgium,2021,Male,30 to 39,1497536
belgium,2021,Male,40 to 49,1513478
belgium,2021,Male,50 to 59,1603164
belgium,2021,Male,60 to 69,1338942
belgium,2021,Male,70 to 79,878498
belgium,2021,Male,80 to 89,416694
belgium,2021,Male,90 to 99,66348
belgium,2021,Male,Overall,11354422
belgium,2022,Both,0 to 9,2485490
belgium,2022,Both,10 to 19,2661650
belgium,2022,Both,100 and over,5122
belgium,2022,Both,20 to 29,2796034
belgium,2022,Both,30 to 39,3020532
belgium,2022,Both,40 to 49,3002152
belgium,2022,Both,50 to 59,3172002
belgium,2022,Both,60 to 69,2781598
belgium,2022,Both,70 to 79,1961116
belgium,2022,Both,80 to 89,1035864
belgium,2022,Both,90 to 99,246456
belgium,2022,Both,Overall,23168016
belgium,2022,Female,0 to 9,1215196
belgium,2022,Female,10 to 19,1299050
belgium,2022,Female,100 and over,4276
belgium,2022,Female,20 to 29,1383870
belgium,2022,Female,30 to 39,1512460
belgium,2022,Female,40 to 49,1491196
belgium,2022,Female,50 to 59,1571588
belgium,2022,Female,60 to 69,1418640
belgium,2022,Female,70 to 79,1052618
belgium,2022,Female,80 to 89,625770
belgium,2022,Female,90 to 99,175548
belgium,2022,Female,Overall,11750212
belgium,2022,Male,0 to 9,1270294
belgium,2022,Male,10 to 19,1362600
belgium,2022,Male,100 and over,846
belgium,2022,Male,20 to 29,1412164
belgium,2022,Male,30 to 39,1508072
belgium,2022,Male,40 to 49,1510956
belgium,2022,Male,50 to 59,1600414
belgium,2022,Male,60 to 69,1362958
belgium,2022,Male,70 to 79,908498
belgium,2022,Male,80 to 89,410094
belgium,2022,Male,90 to 99,70908
belgium,2022,Male,Overall,11417804
belgium,2023,Both,0 to 9,2480344
belgium,2023,Both,10 to 19,2717690
belgium,2023,Both,100 and over,5466
belgium,2023,Both,20 to 29,2808050
belgium,2023,Both,30 to 39,3067862
belgium,2023,Both,40 to 49,3020190
belgium,2023,Both,50 to 59,3166564
belgium,2023,Both,60 to 69,2826180
belgium,2023,Both,70 to 79,2024818
belgium,2023,Both,80 to 89,1025264
belgium,2023,Both,90 to 99,252686
belgium,2023,Both,Overall,23395114
belgium,2023,Female,0 to 9,1212282
belgium,2023,Female,10 to 19,1327278
belgium,2023,Female,100 and over,4570
belgium,2023,Female,20 to 29,1392634
belgium,2023,Female,30 to 39,1539206
belgium,2023,Female,40 to 49,1504468
belgium,2023,Female,50 to 59,1570870
belgium,2023,Female,60 to 69,1440608
belgium,2023,Female,70 to 79,1085526
belgium,2023,Female,80 to 89,616054
belgium,2023,Female,90 to 99,178798
belgium,2023,Female,Overall,11872294
belgium,2023,Male,0 to 9,1268062
belgium,2023,Male,10 to 19,1390412
belgium,2023,Male,100 and over,896
belgium,2023,Male,20 to 29,1415416
belgium,2023,Male,30 to 39,1528656
belgium,2023,Male,40 to 49,1515722
belgium,2023,Male,50 to 59,1595694
belgium,2023,Male,60 to 69,1385572
belgium,2023,Male,70 to 79,939292
belgium,2023,Male,80 to 89,409210
belgium,2023,Male,90 to 99,73888
belgium,2023,Male,Overall,11522820
